symbol,direction,entry_time,exit_time,entry_price,exit_price,size,original_size,contract_multiplier,score,pnl,pnl_pct,bars_held,reason_exit,reason_entry,partial_exit
M0,long,2006-10-30,2006-11-24,2420.5,2418.5,3,3,10,95,-78.0,-0.000826,20,stop_loss,"{'signal_type': 'long_123', 'dow_state': 'BULL_CONFIRMED', 'pure_state': 'BULL_TREND', 'adx': 34.14, 'bb_width': 0.1397, 'vol_ratio': 3.14, 'vol_ok': True, 'body_ok': True, 'env_ok': True, 'higher_high': True, 'higher_low': True, 'lower_high': False, 'lower_low': False, 'latest_swing_high': 2408.0, 'latest_swing_low': 2349.0, 'trigger_level': 2408.0, 'structure_stop_loss': 2337.8143}",False
TA0,short,2007-10-19,2007-10-29,7603.5,7605.5,1,1,5,95,-16.0,-0.000263,7,stop_loss,"{'signal_type': 'short_123', 'dow_state': 'BEAR_CONFIRMED', 'pure_state': 'BEAR_TREND', 'adx': 23.36, 'bb_width': 0.108, 'vol_ratio': 3.37, 'vol_ok': True, 'body_ok': True, 'env_ok': True, 'higher_high': False, 'higher_low': False, 'lower_high': True, 'lower_low': True, 'latest_swing_high': 7896.0, 'latest_swing_low': 7622.0, 'trigger_level': 7622.0, 'structure_stop_loss': 7935.3857}",False
TA0,long,2008-03-18,2008-03-24,8150.5,8291.5,2,2,5,95,1398.0,0.0173,4,dow_trend_reversal,"{'signal_type': 'long_123', 'dow_state': 'BULL_CONFIRMED', 'pure_state': 'BULL_TREND', 'adx': 33.69, 'bb_width': 0.0696, 'vol_ratio': 1.56, 'vol_ok': True, 'body_ok': True, 'env_ok': True, 'higher_high': True, 'higher_low': True, 'lower_high': False, 'lower_low': False, 'latest_swing_high': 8240.0, 'latest_swing_low': 8042.0, 'trigger_level': 8240.0, 'structure_stop_loss': 8005.9571}",False
C0,long,2009-08-14,2009-09-14,1722.5,1720.0,6,6,10,95,-186.0,-0.001451,22,stop_loss,"{'signal_type': 'long_123', 'dow_state': 'BULL_CONFIRMED', 'pure_state': 'BULL_TREND', 'adx': 22.91, 'bb_width': 0.0736, 'vol_ratio': 9.17, 'vol_ok': True, 'body_ok': True, 'env_ok': True, 'higher_high': True, 'higher_low': True, 'lower_high': False, 'lower_low': False, 'latest_swing_high': 1682.0, 'latest_swing_low': 1650.0, 'trigger_level': 1682.0, 'structure_stop_loss': 1643.7643}",False
C0,long,2010-01-05,2010-01-07,1893.5,1891.5,10,10,10,95,-260.0,-0.001056,3,stop_loss,"{'signal_type': 'long_123', 'dow_state': 'BULL_CONFIRMED', 'pure_state': 'BULL_TREND', 'adx': 39.77, 'bb_width': 0.0557, 'vol_ratio': 2.22, 'vol_ok': True, 'body_ok': True, 'env_ok': True, 'higher_high': True, 'higher_low': True, 'lower_high': False, 'lower_low': False, 'latest_swing_high': 1881.0, 'latest_swing_low': 1843.0, 'trigger_level': 1881.0, 'structure_stop_loss': 1839.3571}",False
RB0,long,2010-03-17,2010-04-28,4799.5,4587.5,1,1,10,95,-2126.0,-0.044171,30,time_stop,"{'signal_type': 'long_123', 'dow_state': 'BULL_CONFIRMED', 'pure_state': 'BULL_TREND', 'adx': 31.91, 'bb_width': 0.1835, 'vol_ratio': 2.6, 'vol_ok': True, 'body_ok': True, 'env_ok': True, 'higher_high': True, 'higher_low': True, 'lower_high': False, 'lower_low': False, 'latest_swing_high': 4679.0, 'latest_swing_low': 4513.0, 'trigger_level': 4679.0, 'structure_stop_loss': 4485.1857}",False
V0,long,2010-04-16,2010-04-28,8080.5,7698.0,2,2,5,95,-3837.0,-0.047336,9,stop_loss,"{'signal_type': 'long_123', 'dow_state': 'BULL_CONFIRMED', 'pure_state': 'BULL_TREND', 'adx': 32.45, 'bb_width': 0.0933, 'vol_ratio': 3.88, 'vol_ok': True, 'body_ok': True, 'env_ok': True, 'higher_high': True, 'higher_low': True, 'lower_high': False, 'lower_low': False, 'latest_swing_high': 7975.0, 'latest_swing_low': 7760.0, 'trigger_level': 7975.0, 'structure_stop_loss': 7727.8571}",False
TA0,short,2010-05-17,2010-06-07,7709.5,7100.5,1,2,5,95,3039.0,0.078993,16,partial_exit_1R5,"{'signal_type': 'short_123', 'dow_state': 'BEAR_CONFIRMED', 'pure_state': 'BEAR_TREND', 'adx': 32.19, 'bb_width': 0.1103, 'vol_ratio': 2.49, 'vol_ok': True, 'body_ok': True, 'env_ok': True, 'higher_high': False, 'higher_low': False, 'lower_high': True, 'lower_low': True, 'latest_swing_high': 8606.0, 'latest_swing_low': 7990.0, 'trigger_level': 7990.0, 'structure_stop_loss': 8641.0143}",True
TA0,short,2010-05-17,2010-06-17,7709.5,7383.7857,1,2,5,95,1622.57,0.042248,22,stop_loss,"{'signal_type': 'short_123', 'dow_state': 'BEAR_CONFIRMED', 'pure_state': 'BEAR_TREND', 'adx': 32.19, 'bb_width': 0.1103, 'vol_ratio': 2.49, 'vol_ok': True, 'body_ok': True, 'env_ok': True, 'higher_high': False, 'higher_low': False, 'lower_high': True, 'lower_low': True, 'latest_swing_high': 8606.0, 'latest_swing_low': 7990.0, 'trigger_level': 7990.0, 'structure_stop_loss': 8641.0143}",False
V0,short,2010-06-08,2010-07-22,6969.5,6990.5,1,1,5,95,-111.0,-0.003013,30,time_stop,"{'signal_type': 'short_123', 'dow_state': 'BEAR_CONFIRMED', 'pure_state': 'BEAR_TREND', 'adx': 40.55, 'bb_width': 0.0879, 'vol_ratio': 2.01, 'vol_ok': True, 'body_ok': True, 'env_ok': True, 'higher_high': False, 'higher_low': False, 'lower_high': True, 'lower_low': True, 'latest_swing_high': 7590.0, 'latest_swing_low': 7100.0, 'trigger_level': 7100.0, 'structure_stop_loss': 7631.6786}",False
C0,long,2010-10-21,2010-10-27,2181.5,2179.5,3,3,10,95,-78.0,-0.000917,5,stop_loss,"{'signal_type': 'long_123', 'dow_state': 'BULL_CONFIRMED', 'pure_state': 'BULL_TREND', 'adx': 39.57, 'bb_width': 0.0808, 'vol_ratio': 2.16, 'vol_ok': True, 'body_ok': True, 'env_ok': True, 'higher_high': True, 'higher_low': True, 'lower_high': False, 'lower_low': False, 'latest_swing_high': 2153.0, 'latest_swing_low': 2051.0, 'trigger_level': 2153.0, 'structure_stop_loss': 2041.6571}",False
V0,long,2010-10-12,2010-11-05,8080.5,8304.5,1,2,5,95,1114.0,0.027721,19,partial_exit_1R5,"{'signal_type': 'long_123', 'dow_state': 'BULL_CONFIRMED', 'pure_state': 'BULL_TREND', 'adx': 23.87, 'bb_width': 0.09, 'vol_ratio': 1.68, 'vol_ok': True, 'body_ok': True, 'env_ok': True, 'higher_high': True, 'higher_low': True, 'lower_high': False, 'lower_low': False, 'latest_swing_high': 8040.0, 'latest_swing_low': 7450.0, 'trigger_level': 8040.0, 'structure_stop_loss': 7414.75}",True
V0,long,2010-10-12,2010-11-11,8080.5,9224.25,1,2,5,95,5712.75,0.141544,23,stop_loss,"{'signal_type': 'long_123', 'dow_state': 'BULL_CONFIRMED', 'pure_state': 'BULL_TREND', 'adx': 23.87, 'bb_width': 0.09, 'vol_ratio': 1.68, 'vol_ok': True, 'body_ok': True, 'env_ok': True, 'higher_high': True, 'higher_low': True, 'lower_high': False, 'lower_low': False, 'latest_swing_high': 8040.0, 'latest_swing_low': 7450.0, 'trigger_level': 8040.0, 'structure_stop_loss': 7414.75}",False
V0,long,2011-08-01,2011-08-05,8550.5,8248.0,2,2,5,95,-3037.0,-0.035378,5,stop_loss,"{'signal_type': 'long_123', 'dow_state': 'BULL_CONFIRMED', 'pure_state': 'BULL_TREND', 'adx': 32.6, 'bb_width': 0.0827, 'vol_ratio': 4.05, 'vol_ok': True, 'body_ok': True, 'env_ok': True, 'higher_high': True, 'higher_low': True, 'lower_high': False, 'lower_low': False, 'latest_swing_high': 8500.0, 'latest_swing_low': 8305.0, 'trigger_level': 8500.0, 'structure_stop_loss': 8269.4286}",False
RB0,short,2011-10-18,2011-10-31,4152.5,4154.5,1,1,10,95,-26.0,-0.000482,10,stop_loss,"{'signal_type': 'short_123', 'dow_state': 'BEAR_CONFIRMED', 'pure_state': 'BEAR_TREND', 'adx': 55.21, 'bb_width': 0.1651, 'vol_ratio': 2.56, 'vol_ok': True, 'body_ok': True, 'env_ok': True, 'higher_high': False, 'higher_low': False, 'lower_high': True, 'lower_low': True, 'latest_swing_high': 4390.0, 'latest_swing_low': 4282.0, 'trigger_level': 4282.0, 'structure_stop_loss': 4416.7}",False
M0,long,2012-02-20,2012-03-14,3088.5,3197.5,1,3,10,95,1084.0,0.035292,18,partial_exit_1R5,"{'signal_type': 'long_123', 'dow_state': 'BULL_CONFIRMED', 'pure_state': 'BULL_TREND', 'adx': 27.34, 'bb_width': 0.0728, 'vol_ratio': 1.97, 'vol_ok': True, 'body_ok': True, 'env_ok': True, 'higher_high': True, 'higher_low': True, 'lower_high': False, 'lower_low': False, 'latest_swing_high': 3043.0, 'latest_swing_low': 2976.0, 'trigger_level': 3043.0, 'structure_stop_loss': 2966.1214}",True
M0,long,2012-02-20,2012-04-20,3088.5,3305.0,2,3,10,95,4318.0,0.070099,42,stop_loss,"{'signal_type': 'long_123', 'dow_state': 'BULL_CONFIRMED', 'pure_state': 'BULL_TREND', 'adx': 27.34, 'bb_width': 0.0728, 'vol_ratio': 1.97, 'vol_ok': True, 'body_ok': True, 'env_ok': True, 'higher_high': True, 'higher_low': True, 'lower_high': False, 'lower_low': False, 'latest_swing_high': 3043.0, 'latest_swing_low': 2976.0, 'trigger_level': 3043.0, 'structure_stop_loss': 2966.1214}",False
RB0,short,2012-05-24,2012-06-06,4014.5,4085.5,2,2,10,95,-1432.0,-0.017686,9,dow_trend_reversal,"{'signal_type': 'short_123', 'dow_state': 'BEAR_CONFIRMED', 'pure_state': 'BEAR_TREND', 'adx': 44.65, 'bb_width': 0.0835, 'vol_ratio': 1.8, 'vol_ok': True, 'body_ok': True, 'env_ok': True, 'higher_high': False, 'higher_low': False, 'lower_high': True, 'lower_low': True, 'latest_swing_high': 4298.0, 'latest_swing_low': 4050.0, 'trigger_level': 4050.0, 'structure_stop_loss': 4311.0286}",False
V0,short,2012-06-28,2012-07-16,6354.5,6645.2857,2,2,5,95,-2919.86,-0.045761,13,stop_loss,"{'signal_type': 'short_123', 'dow_state': 'BEAR_CONFIRMED', 'pure_state': 'BEAR_TREND', 'adx': 37.22, 'bb_width': 0.0614, 'vol_ratio': 1.77, 'vol_ok': True, 'body_ok': True, 'env_ok': True, 'higher_high': False, 'higher_low': False, 'lower_high': True, 'lower_low': True, 'latest_swing_high': 6615.0, 'latest_swing_low': 6330.0, 'trigger_level': 6330.0, 'structure_stop_loss': 6643.2857}",False
RB0,short,2012-09-05,2012-09-25,3269.5,3558.5,2,2,10,95,-5792.0,-0.088393,14,dow_trend_reversal,"{'signal_type': 'short_123', 'dow_state': 'BEAR_CONFIRMED', 'pure_state': 'BEAR_TREND', 'adx': 65.44, 'bb_width': 0.1408, 'vol_ratio': 1.89, 'vol_ok': True, 'body_ok': True, 'env_ok': True, 'higher_high': False, 'higher_low': False, 'lower_high': True, 'lower_low': True, 'latest_swing_high': 3733.0, 'latest_swing_low': 3327.0, 'trigger_level': 3327.0, 'structure_stop_loss': 3748.6643}",False
C0,long,2012-10-26,2012-11-20,2435.5,2430.5,6,6,10,95,-336.0,-0.002053,17,dow_trend_reversal,"{'signal_type': 'long_123', 'dow_state': 'BULL_CONFIRMED', 'pure_state': 'BULL_TREND', 'adx': 28.46, 'bb_width': 0.0717, 'vol_ratio': 2.41, 'vol_ok': True, 'body_ok': True, 'env_ok': True, 'higher_high': True, 'higher_low': True, 'lower_high': False, 'lower_low': False, 'latest_swing_high': 2423.0, 'latest_swing_low': 2307.0, 'trigger_level': 2423.0, 'structure_stop_loss': 2300.8714}",False
RB0,long,2012-12-26,2013-01-30,3870.5,4070.5,1,2,10,95,1994.0,0.051673,23,partial_exit_1R5,"{'signal_type': 'long_123', 'dow_state': 'BULL_PULLBACK', 'pure_state': 'BULL_TREND', 'adx': 31.82, 'bb_width': 0.1333, 'vol_ratio': 1.5, 'vol_ok': True, 'body_ok': True, 'env_ok': True, 'higher_high': True, 'higher_low': True, 'lower_high': False, 'lower_low': False, 'latest_swing_high': 3841.0, 'latest_swing_low': 3764.0, 'trigger_level': 3841.0, 'structure_stop_loss': 3746.8786}",True
RB0,long,2012-12-26,2013-02-21,3870.5,4130.3214,1,2,10,95,2592.21,0.067129,34,stop_loss,"{'signal_type': 'long_123', 'dow_state': 'BULL_PULLBACK', 'pure_state': 'BULL_TREND', 'adx': 31.82, 'bb_width': 0.1333, 'vol_ratio': 1.5, 'vol_ok': True, 'body_ok': True, 'env_ok': True, 'higher_high': True, 'higher_low': True, 'lower_high': False, 'lower_low': False, 'latest_swing_high': 3841.0, 'latest_swing_low': 3764.0, 'trigger_level': 3841.0, 'structure_stop_loss': 3746.8786}",False
TA0,short,2014-01-22,2014-02-24,6897.5,6670.5,1,2,5,95,1129.0,0.03291,19,partial_exit_1R5,"{'signal_type': 'short_123', 'dow_state': 'BEAR_CONFIRMED', 'pure_state': 'BEAR_TREND', 'adx': 43.49, 'bb_width': 0.0938, 'vol_ratio': 1.74, 'vol_ok': True, 'body_ok': True, 'env_ok': True, 'higher_high': False, 'higher_low': False, 'lower_high': True, 'lower_low': True, 'latest_swing_high': 7466.0, 'latest_swing_low': 6924.0, 'trigger_level': 6924.0, 'structure_stop_loss': 7491.3714}",True
TA0,short,2014-01-22,2014-03-24,6897.5,6387.4286,1,2,5,95,2544.36,0.07395,37,stop_loss,"{'signal_type': 'short_123', 'dow_state': 'BEAR_CONFIRMED', 'pure_state': 'BEAR_TREND', 'adx': 43.49, 'bb_width': 0.0938, 'vol_ratio': 1.74, 'vol_ok': True, 'body_ok': True, 'env_ok': True, 'higher_high': False, 'higher_low': False, 'lower_high': True, 'lower_low': True, 'latest_swing_high': 7466.0, 'latest_swing_low': 6924.0, 'trigger_level': 6924.0, 'structure_stop_loss': 7491.3714}",False
V0,short,2014-03-20,2014-04-09,5829.5,6170.5,3,3,5,95,-5133.0,-0.058496,13,dow_trend_reversal,"{'signal_type': 'short_123', 'dow_state': 'BEAR_CONFIRMED', 'pure_state': 'BEAR_TREND', 'adx': 50.83, 'bb_width': 0.0998, 'vol_ratio': 2.85, 'vol_ok': True, 'body_ok': True, 'env_ok': True, 'higher_high': False, 'higher_low': False, 'lower_high': True, 'lower_low': True, 'latest_swing_high': 6255.0, 'latest_swing_low': 5810.0, 'trigger_level': 5810.0, 'structure_stop_loss': 6279.3214}",False
TA0,long,2014-06-16,2014-07-08,7058.5,7056.5,2,2,5,95,-32.0,-0.000283,17,stop_loss,"{'signal_type': 'long_123', 'dow_state': 'BULL_CONFIRMED', 'pure_state': 'BULL_TREND', 'adx': 38.69, 'bb_width': 0.1263, 'vol_ratio': 1.82, 'vol_ok': True, 'body_ok': True, 'env_ok': True, 'higher_high': True, 'higher_low': True, 'lower_high': False, 'lower_low': False, 'latest_swing_high': 6834.0, 'latest_swing_low': 6108.0, 'trigger_level': 6834.0, 'structure_stop_loss': 6075.8571}",False
RB0,short,2014-09-22,2014-10-08,2693.5,2465.5,1,2,10,95,2274.0,0.084648,8,partial_exit_1R5,"{'signal_type': 'short_123', 'dow_state': 'BEAR_CONFIRMED', 'pure_state': 'BEAR_TREND', 'adx': 50.16, 'bb_width': 0.1213, 'vol_ratio': 1.6, 'vol_ok': True, 'body_ok': True, 'env_ok': True, 'higher_high': False, 'higher_low': False, 'lower_high': True, 'lower_low': True, 'latest_swing_high': 2834.0, 'latest_swing_low': 2725.0, 'trigger_level': 2725.0, 'structure_stop_loss': 2847.3071}",True
RB0,short,2014-09-22,2014-10-09,2693.5,2564.8929,1,2,10,95,1280.07,0.047747,9,stop_loss,"{'signal_type': 'short_123', 'dow_state': 'BEAR_CONFIRMED', 'pure_state': 'BEAR_TREND', 'adx': 50.16, 'bb_width': 0.1213, 'vol_ratio': 1.6, 'vol_ok': True, 'body_ok': True, 'env_ok': True, 'higher_high': False, 'higher_low': False, 'lower_high': True, 'lower_low': True, 'latest_swing_high': 2834.0, 'latest_swing_low': 2725.0, 'trigger_level': 2725.0, 'structure_stop_loss': 2847.3071}",False
V0,short,2014-10-13,2014-10-24,5644.5,5697.0,3,3,5,95,-805.5,-0.009301,10,stop_loss,"{'signal_type': 'short_123', 'dow_state': 'BEAR_CONFIRMED', 'pure_state': 'BEAR_TREND', 'adx': 28.62, 'bb_width': 0.0749, 'vol_ratio': 2.75, 'vol_ok': True, 'body_ok': True, 'env_ok': True, 'higher_high': False, 'higher_low': False, 'lower_high': True, 'lower_low': True, 'latest_swing_high': 5870.0, 'latest_swing_low': 5660.0, 'trigger_level': 5660.0, 'structure_stop_loss': 5893.5714}",False
PP0,short,2014-10-13,2014-11-06,9659.5,9740.5,1,1,5,95,-411.0,-0.008386,18,dow_trend_reversal,"{'signal_type': 'short_123', 'dow_state': 'BEAR_CONFIRMED', 'pure_state': 'BEAR_TREND', 'adx': 33.62, 'bb_width': 0.0897, 'vol_ratio': 1.64, 'vol_ok': True, 'body_ok': True, 'env_ok': True, 'higher_high': False, 'higher_low': False, 'lower_high': True, 'lower_low': True, 'latest_swing_high': 10479.0, 'latest_swing_low': 9897.0, 'trigger_level': 9897.0, 'structure_stop_loss': 10531.1786}",False
FG0,short,2015-09-01,2015-10-22,839.5,868.5,2,2,20,95,-1172.0,-0.034544,30,time_stop,"{'signal_type': 'short_123', 'dow_state': 'BEAR_CONFIRMED', 'pure_state': 'BEAR_TREND', 'adx': 25.03, 'bb_width': 0.0831, 'vol_ratio': 1.64, 'vol_ok': True, 'body_ok': True, 'env_ok': True, 'higher_high': False, 'higher_low': False, 'lower_high': True, 'lower_low': True, 'latest_swing_high': 903.0, 'latest_swing_low': 851.0, 'trigger_level': 851.0, 'structure_stop_loss': 909.3643}",False
V0,short,2015-11-20,2015-11-25,4494.5,4671.5,3,3,5,95,-2673.0,-0.039381,4,stop_loss,"{'signal_type': 'short_123', 'dow_state': 'BEAR_CONFIRMED', 'pure_state': 'BEAR_TREND', 'adx': 37.14, 'bb_width': 0.0754, 'vol_ratio': 1.75, 'vol_ok': True, 'body_ok': True, 'env_ok': True, 'higher_high': False, 'higher_low': False, 'lower_high': True, 'lower_low': True, 'latest_swing_high': 4650.0, 'latest_swing_low': 4540.0, 'trigger_level': 4540.0, 'structure_stop_loss': 4669.5}",False
RB0,short,2015-12-01,2015-12-21,1627.5,1740.15,4,4,10,95,-4530.0,-0.069217,15,stop_loss,"{'signal_type': 'short_123', 'dow_state': 'BEAR_CONFIRMED', 'pure_state': 'BEAR_TREND', 'adx': 42.35, 'bb_width': 0.1288, 'vol_ratio': 1.56, 'vol_ok': True, 'body_ok': True, 'env_ok': True, 'higher_high': False, 'higher_low': False, 'lower_high': True, 'lower_low': True, 'latest_swing_high': 1729.0, 'latest_swing_low': 1649.0, 'trigger_level': 1649.0, 'structure_stop_loss': 1738.15}",False
V0,long,2016-03-18,2016-03-28,5500.5,5097.7857,2,2,5,95,-4039.14,-0.073214,7,stop_loss,"{'signal_type': 'long_123', 'dow_state': 'BULL_CONFIRMED', 'pure_state': 'BULL_TREND', 'adx': 35.13, 'bb_width': 0.0764, 'vol_ratio': 1.83, 'vol_ok': True, 'body_ok': True, 'env_ok': True, 'higher_high': True, 'higher_low': True, 'lower_high': False, 'lower_low': False, 'latest_swing_high': 5420.0, 'latest_swing_low': 5130.0, 'trigger_level': 5420.0, 'structure_stop_loss': 5099.7857}",False
MA0,long,2016-03-10,2016-04-22,1965.5,1994.5,2,2,10,95,568.0,0.014755,30,time_stop,"{'signal_type': 'long_123', 'dow_state': 'BULL_CONFIRMED', 'pure_state': 'BULL_TREND', 'adx': 23.48, 'bb_width': 0.0979, 'vol_ratio': 2.75, 'vol_ok': True, 'body_ok': True, 'env_ok': True, 'higher_high': True, 'higher_low': True, 'lower_high': False, 'lower_low': False, 'latest_swing_high': 1896.0, 'latest_swing_low': 1775.0, 'trigger_level': 1896.0, 'structure_stop_loss': 1758.3286}",False
TA0,long,2016-04-22,2016-05-03,5100.5,4704.0,2,2,5,95,-3977.0,-0.077737,7,stop_loss,"{'signal_type': 'long_123', 'dow_state': 'BULL_CONFIRMED', 'pure_state': 'BULL_TREND', 'adx': 30.55, 'bb_width': 0.1025, 'vol_ratio': 1.83, 'vol_ok': True, 'body_ok': True, 'env_ok': True, 'higher_high': True, 'higher_low': True, 'lower_high': False, 'lower_low': False, 'latest_swing_high': 4990.0, 'latest_swing_low': 4750.0, 'trigger_level': 4990.0, 'structure_stop_loss': 4714.4286}",False
MA0,long,2016-10-27,2016-11-07,2333.5,2331.5,2,2,10,95,-52.0,-0.000857,8,stop_loss,"{'signal_type': 'long_123', 'dow_state': 'BULL_CONFIRMED', 'pure_state': 'BULL_TREND', 'adx': 49.43, 'bb_width': 0.1924, 'vol_ratio': 1.51, 'vol_ok': True, 'body_ok': True, 'env_ok': True, 'higher_high': True, 'higher_low': True, 'lower_high': False, 'lower_low': False, 'latest_swing_high': 2326.0, 'latest_swing_low': 2014.0, 'trigger_level': 2326.0, 'structure_stop_loss': 1996.3643}",False
C0,long,2016-11-09,2016-11-14,1572.5,1538.0,4,4,10,95,-1404.0,-0.02194,4,stop_loss,"{'signal_type': 'long_123', 'dow_state': 'BULL_CONFIRMED', 'pure_state': 'BULL_TREND', 'adx': 28.39, 'bb_width': 0.1014, 'vol_ratio': 1.82, 'vol_ok': True, 'body_ok': True, 'env_ok': True, 'higher_high': True, 'higher_low': True, 'lower_high': False, 'lower_low': False, 'latest_swing_high': 1538.0, 'latest_swing_low': 1489.0, 'trigger_level': 1538.0, 'structure_stop_loss': 1480.0}",False
TA0,long,2017-02-14,2017-03-09,5838.5,5403.5,2,2,5,95,-4362.0,-0.074505,17,dow_state_exit,"{'signal_type': 'long_123', 'dow_state': 'BULL_CONFIRMED', 'pure_state': 'BULL_TREND', 'adx': 33.63, 'bb_width': 0.1123, 'vol_ratio': 1.69, 'vol_ok': True, 'body_ok': True, 'env_ok': True, 'higher_high': True, 'higher_low': True, 'lower_high': False, 'lower_low': False, 'latest_swing_high': 5804.0, 'latest_swing_low': 5362.0, 'trigger_level': 5804.0, 'structure_stop_loss': 5331.0143}",False
C0,long,2017-03-23,2017-04-11,1710.5,1634.9214,4,4,10,95,-3047.14,-0.044185,12,stop_loss,"{'signal_type': 'long_123', 'dow_state': 'BULL_CONFIRMED', 'pure_state': 'BULL_TREND', 'adx': 31.68, 'bb_width': 0.0881, 'vol_ratio': 1.56, 'vol_ok': True, 'body_ok': True, 'env_ok': True, 'higher_high': True, 'higher_low': True, 'lower_high': False, 'lower_low': False, 'latest_swing_high': 1698.0, 'latest_swing_low': 1645.0, 'trigger_level': 1698.0, 'structure_stop_loss': 1636.9214}",False
MA0,short,2017-04-17,2017-05-19,2386.5,2388.5,1,1,10,95,-26.0,-0.000838,24,stop_loss,"{'signal_type': 'short_123', 'dow_state': 'BEAR_CONFIRMED', 'pure_state': 'BEAR_TREND', 'adx': 41.06, 'bb_width': 0.1228, 'vol_ratio': 1.51, 'vol_ok': True, 'body_ok': True, 'env_ok': True, 'higher_high': False, 'higher_low': False, 'lower_high': True, 'lower_low': True, 'latest_swing_high': 2675.0, 'latest_swing_low': 2457.0, 'trigger_level': 2457.0, 'structure_stop_loss': 2698.4643}",False
FG0,long,2017-07-20,2017-08-14,1454.5,1405.5,1,1,20,95,-986.0,-0.033689,17,dow_trend_reversal,"{'signal_type': 'long_123', 'dow_state': 'BULL_CONFIRMED', 'pure_state': 'BULL_TREND', 'adx': 32.21, 'bb_width': 0.1391, 'vol_ratio': 2.38, 'vol_ok': True, 'body_ok': True, 'env_ok': True, 'higher_high': True, 'higher_low': True, 'lower_high': False, 'lower_low': False, 'latest_swing_high': 1397.0, 'latest_swing_low': 1340.0, 'trigger_level': 1397.0, 'structure_stop_loss': 1330.55}",False
TA0,long,2018-01-25,2018-03-12,5750.5,5585.5,3,3,5,95,-2493.0,-0.028693,27,dow_state_exit,"{'signal_type': 'long_123', 'dow_state': 'BULL_CONFIRMED', 'pure_state': 'BULL_TREND', 'adx': 26.26, 'bb_width': 0.0508, 'vol_ratio': 1.98, 'vol_ok': True, 'body_ok': True, 'env_ok': True, 'higher_high': True, 'higher_low': True, 'lower_high': False, 'lower_low': False, 'latest_swing_high': 5714.0, 'latest_swing_low': 5558.0, 'trigger_level': 5714.0, 'structure_stop_loss': 5535.6286}",False
TA0,long,2018-05-08,2018-05-28,5670.5,5668.5,3,3,5,95,-48.0,-0.000353,15,stop_loss,"{'signal_type': 'long_123', 'dow_state': 'BULL_CONFIRMED', 'pure_state': 'BULL_TREND', 'adx': 26.81, 'bb_width': 0.0626, 'vol_ratio': 1.76, 'vol_ok': True, 'body_ok': True, 'env_ok': True, 'higher_high': True, 'higher_low': True, 'lower_high': False, 'lower_low': False, 'latest_swing_high': 5642.0, 'latest_swing_low': 5560.0, 'trigger_level': 5642.0, 'structure_stop_loss': 5540.5429}",False
RM0,short,2018-06-11,2018-07-02,2383.5,2579.65,2,2,10,95,-3935.0,-0.082295,15,stop_loss,"{'signal_type': 'short_123', 'dow_state': 'BEAR_CONFIRMED', 'pure_state': 'BEAR_TREND', 'adx': 24.22, 'bb_width': 0.0687, 'vol_ratio': 1.72, 'vol_ok': True, 'body_ok': True, 'env_ok': True, 'higher_high': False, 'higher_low': False, 'lower_high': True, 'lower_low': True, 'latest_swing_high': 2564.0, 'latest_swing_low': 2404.0, 'trigger_level': 2404.0, 'structure_stop_loss': 2577.65}",False
TA0,long,2018-08-17,2018-09-12,7408.5,7501.5,1,1,5,95,459.0,0.012553,18,dow_state_exit,"{'signal_type': 'long_123', 'dow_state': 'BULL_CONFIRMED', 'pure_state': 'BULL_TREND', 'adx': 53.91, 'bb_width': 0.2462, 'vol_ratio': 3.13, 'vol_ok': True, 'body_ok': True, 'env_ok': True, 'higher_high': True, 'higher_low': True, 'lower_high': False, 'lower_low': False, 'latest_swing_high': 7074.0, 'latest_swing_low': 5838.0, 'trigger_level': 7074.0, 'structure_stop_loss': 5769.6429}",False
RM0,short,2018-12-25,2019-01-11,2109.5,2170.5,3,3,10,95,-1848.0,-0.028917,11,dow_trend_reversal,"{'signal_type': 'short_123', 'dow_state': 'BEAR_CONFIRMED', 'pure_state': 'BEAR_TREND', 'adx': 48.73, 'bb_width': 0.0544, 'vol_ratio': 1.99, 'vol_ok': True, 'body_ok': True, 'env_ok': True, 'higher_high': False, 'higher_low': False, 'lower_high': True, 'lower_low': True, 'latest_swing_high': 2244.0, 'latest_swing_low': 2151.0, 'trigger_level': 2151.0, 'structure_stop_loss': 2254.8429}",False
FG0,long,2019-06-12,2019-07-24,1477.5,1487.5,2,2,20,95,388.0,0.006768,30,time_stop,"{'signal_type': 'long_123', 'dow_state': 'BULL_CONFIRMED', 'pure_state': 'BULL_TREND', 'adx': 39.05, 'bb_width': 0.0621, 'vol_ratio': 2.91, 'vol_ok': True, 'body_ok': True, 'env_ok': True, 'higher_high': True, 'higher_low': True, 'lower_high': False, 'lower_low': False, 'latest_swing_high': 1427.0, 'latest_swing_low': 1358.0, 'trigger_level': 1427.0, 'structure_stop_loss': 1350.3929}",False
V0,short,2020-03-20,2020-03-24,5994.5,5740.5,1,2,5,95,1264.0,0.042372,3,partial_exit_1R5,"{'signal_type': 'short_123', 'dow_state': 'BEAR_CONFIRMED', 'pure_state': 'BEAR_TREND', 'adx': 33.59, 'bb_width': 0.0644, 'vol_ratio': 2.09, 'vol_ok': True, 'body_ok': True, 'env_ok': True, 'higher_high': False, 'higher_low': False, 'lower_high': True, 'lower_low': True, 'latest_swing_high': 6260.0, 'latest_swing_low': 5995.0, 'trigger_level': 5995.0, 'structure_stop_loss': 6286.1429}",True
V0,short,2020-03-20,2020-04-02,5994.5,5234.8571,1,2,5,95,3792.21,0.126723,10,stop_loss,"{'signal_type': 'short_123', 'dow_state': 'BEAR_CONFIRMED', 'pure_state': 'BEAR_TREND', 'adx': 33.59, 'bb_width': 0.0644, 'vol_ratio': 2.09, 'vol_ok': True, 'body_ok': True, 'env_ok': True, 'higher_high': False, 'higher_low': False, 'lower_high': True, 'lower_low': True, 'latest_swing_high': 6260.0, 'latest_swing_low': 5995.0, 'trigger_level': 5995.0, 'structure_stop_loss': 6286.1429}",False
MA0,long,2020-09-16,2020-09-30,2084.5,1924.5643,2,2,10,95,-3210.71,-0.076726,11,stop_loss,"{'signal_type': 'long_123', 'dow_state': 'BULL_CONFIRMED', 'pure_state': 'BULL_TREND', 'adx': 27.16, 'bb_width': 0.1007, 'vol_ratio': 1.8, 'vol_ok': True, 'body_ok': True, 'env_ok': True, 'higher_high': True, 'higher_low': True, 'lower_high': False, 'lower_low': False, 'latest_swing_high': 2079.0, 'latest_swing_low': 1940.0, 'trigger_level': 2079.0, 'structure_stop_loss': 1926.5643}",False
C0,long,2020-09-21,2020-11-06,2484.5,2559.5,3,3,10,95,2232.0,0.030187,28,dow_state_exit,"{'signal_type': 'long_123', 'dow_state': 'BULL_CONFIRMED', 'pure_state': 'BULL_TREND', 'adx': 50.66, 'bb_width': 0.1178, 'vol_ratio': 1.62, 'vol_ok': True, 'body_ok': True, 'env_ok': True, 'higher_high': True, 'higher_low': True, 'lower_high': False, 'lower_low': False, 'latest_swing_high': 2450.0, 'latest_swing_low': 2252.0, 'trigger_level': 2450.0, 'structure_stop_loss': 2240.9643}",False
RB0,long,2020-12-21,2020-12-23,4314.5,4312.5,1,1,10,95,-26.0,-0.000464,3,stop_loss,"{'signal_type': 'long_123', 'dow_state': 'BULL_CONFIRMED', 'pure_state': 'BULL_TREND', 'adx': 52.17, 'bb_width': 0.12, 'vol_ratio': 1.77, 'vol_ok': True, 'body_ok': True, 'env_ok': True, 'higher_high': True, 'higher_low': True, 'lower_high': False, 'lower_low': False, 'latest_swing_high': 4237.0, 'latest_swing_low': 3964.0, 'trigger_level': 4237.0, 'structure_stop_loss': 3934.45}",False
TA0,long,2020-12-15,2021-01-26,3834.5,3889.5,2,2,5,95,538.0,0.014343,30,time_stop,"{'signal_type': 'long_123', 'dow_state': 'BULL_CONFIRMED', 'pure_state': 'BULL_TREND', 'adx': 25.35, 'bb_width': 0.1616, 'vol_ratio': 1.97, 'vol_ok': True, 'body_ok': True, 'env_ok': True, 'higher_high': True, 'higher_low': True, 'lower_high': False, 'lower_low': False, 'latest_swing_high': 3782.0, 'latest_swing_low': 3396.0, 'trigger_level': 3782.0, 'structure_stop_loss': 3367.7571}",False
V0,long,2021-09-08,2021-09-14,9675.5,9673.5,1,1,5,95,-16.0,-0.000207,5,stop_loss,"{'signal_type': 'long_123', 'dow_state': 'BULL_CONFIRMED', 'pure_state': 'BULL_TREND', 'adx': 22.87, 'bb_width': 0.0581, 'vol_ratio': 1.56, 'vol_ok': True, 'body_ok': True, 'env_ok': True, 'higher_high': True, 'higher_low': True, 'lower_high': False, 'lower_low': False, 'latest_swing_high': 9480.0, 'latest_swing_low': 9080.0, 'trigger_level': 9480.0, 'structure_stop_loss': 9024.5}",False
M0,long,2022-02-24,2022-03-30,3924.5,4107.4286,1,1,10,95,1823.29,0.046612,25,stop_loss,"{'signal_type': 'long_123', 'dow_state': 'BULL_CONFIRMED', 'pure_state': 'BULL_TREND', 'adx': 44.99, 'bb_width': 0.2702, 'vol_ratio': 1.72, 'vol_ok': True, 'body_ok': True, 'env_ok': True, 'higher_high': True, 'higher_low': True, 'lower_high': False, 'lower_low': False, 'latest_swing_high': 3903.0, 'latest_swing_low': 3646.0, 'trigger_level': 3903.0, 'structure_stop_loss': 3612.5714}",False
V0,long,2023-09-05,2023-09-22,6514.5,6319.5,2,2,5,95,-1962.0,-0.029933,13,dow_state_exit,"{'signal_type': 'long_123', 'dow_state': 'BULL_CONFIRMED', 'pure_state': 'BULL_TREND', 'adx': 24.41, 'bb_width': 0.077, 'vol_ratio': 2.07, 'vol_ok': True, 'body_ok': True, 'env_ok': True, 'higher_high': True, 'higher_low': True, 'lower_high': False, 'lower_low': False, 'latest_swing_high': 6405.0, 'latest_swing_low': 6153.0, 'trigger_level': 6405.0, 'structure_stop_loss': 6118.1571}",False
FG0,short,2024-03-19,2024-04-08,1533.5,1535.5,1,1,20,95,-46.0,-0.001304,13,stop_loss,"{'signal_type': 'short_123', 'dow_state': 'BEAR_CONFIRMED', 'pure_state': 'BEAR_TREND', 'adx': 26.07, 'bb_width': 0.1191, 'vol_ratio': 1.79, 'vol_ok': True, 'body_ok': True, 'env_ok': True, 'higher_high': False, 'higher_low': False, 'lower_high': True, 'lower_low': True, 'latest_swing_high': 1673.0, 'latest_swing_low': 1555.0, 'trigger_level': 1555.0, 'structure_stop_loss': 1687.3786}",False
TA0,short,2024-08-20,2024-09-05,5373.5,5100.5,1,2,5,95,1359.0,0.050805,13,partial_exit_1R5,"{'signal_type': 'short_123', 'dow_state': 'BEAR_CONFIRMED', 'pure_state': 'BEAR_TREND', 'adx': 40.46, 'bb_width': 0.0862, 'vol_ratio': 1.65, 'vol_ok': True, 'body_ok': True, 'env_ok': True, 'higher_high': False, 'higher_low': False, 'lower_high': True, 'lower_low': True, 'latest_swing_high': 5636.0, 'latest_swing_low': 5468.0, 'trigger_level': 5468.0, 'structure_stop_loss': 5663.7714}",True
TA0,short,2024-08-20,2024-09-25,5373.5,4983.4286,1,2,5,95,1944.36,0.072592,25,stop_loss,"{'signal_type': 'short_123', 'dow_state': 'BEAR_CONFIRMED', 'pure_state': 'BEAR_TREND', 'adx': 40.46, 'bb_width': 0.0862, 'vol_ratio': 1.65, 'vol_ok': True, 'body_ok': True, 'env_ok': True, 'higher_high': False, 'higher_low': False, 'lower_high': True, 'lower_low': True, 'latest_swing_high': 5636.0, 'latest_swing_low': 5468.0, 'trigger_level': 5468.0, 'structure_stop_loss': 5663.7714}",False
M0,long,2025-03-04,2025-03-12,3001.5,2861.5,2,2,10,95,-2812.0,-0.046643,6,dow_state_exit,"{'signal_type': 'long_123', 'dow_state': 'BULL_CONFIRMED', 'pure_state': 'BULL_TREND', 'adx': 33.43, 'bb_width': 0.0585, 'vol_ratio': 1.89, 'vol_ok': True, 'body_ok': True, 'env_ok': True, 'higher_high': True, 'higher_low': True, 'lower_high': False, 'lower_low': False, 'latest_swing_high': 2985.0, 'latest_swing_low': 2864.0, 'trigger_level': 2985.0, 'structure_stop_loss': 2847.9071}",False
V0,long,2025-07-22,2025-07-29,5123.5,5121.5,2,2,5,95,-32.0,-0.00039,6,stop_loss,"{'signal_type': 'long_123', 'dow_state': 'BULL_PULLBACK', 'pure_state': 'BULL_TREND', 'adx': 22.23, 'bb_width': 0.0562, 'vol_ratio': 1.85, 'vol_ok': True, 'body_ok': True, 'env_ok': True, 'higher_high': True, 'higher_low': True, 'lower_high': False, 'lower_low': False, 'latest_swing_high': 5063.0, 'latest_swing_low': 4922.0, 'trigger_level': 5063.0, 'structure_stop_loss': 4897.7857}",False
TA0,long,2026-03-03,2026-03-10,5572.5,6000.4286,1,1,5,95,2133.64,0.076793,6,stop_loss,"{'signal_type': 'long_123', 'dow_state': 'BULL_CONFIRMED', 'pure_state': 'BULL_TREND', 'adx': 27.83, 'bb_width': 0.0818, 'vol_ratio': 1.73, 'vol_ok': True, 'body_ok': True, 'env_ok': True, 'higher_high': True, 'higher_low': True, 'lower_high': False, 'lower_low': False, 'latest_swing_high': 5508.0, 'latest_swing_low': 5098.0, 'trigger_level': 5508.0, 'structure_stop_loss': 5060.3714}",False
